species,scheme,threshold_source,source_url,retrieved_at,fallback_used
Achromobacter xylosoxidans,qualibact-v1.1,QualiBact Achromobacter xylosoxidans qualibact-v1.1,https://raw.githubusercontent.com/cgps-group/qualibact/52ce95333b12510cacad83bd05d3397c467a6b7b/public/api/v2/thresholds.csv,2026-07-13T13:01:09.408008+00:00,False
Acinetobacter baumannii,qualibact-v1.0,QualiBact Acinetobacter baumannii qualibact-v1.0,https://raw.githubusercontent.com/cgps-group/qualibact/52ce95333b12510cacad83bd05d3397c467a6b7b/public/api/v2/thresholds.csv,2026-07-13T13:01:09.408008+00:00,True
Acinetobacter baylyi,qualibact-v1.0,QualiBact Acinetobacter baylyi qualibact-v1.0,https://raw.githubusercontent.com/cgps-group/qualibact/52ce95333b12510cacad83bd05d3397c467a6b7b/public/api/v2/thresholds.csv,2026-07-13T13:01:09.408008+00:00,True
Acinetobacter johnsonii,qualibact-v1.0,QualiBact Acinetobacter johnsonii qualibact-v1.0,https://raw.githubusercontent.com/cgps-group/qualibact/52ce95333b12510cacad83bd05d3397c467a6b7b/public/api/v2/thresholds.csv,2026-07-13T13:01:09.408008+00:00,True
Acinetobacter nosocomialis,qualibact-v1.0,QualiBact Acinetobacter nosocomialis qualibact-v1.0,https://raw.githubusercontent.com/cgps-group/qualibact/52ce95333b12510cacad83bd05d3397c467a6b7b/public/api/v2/thresholds.csv,2026-07-13T13:01:09.408008+00:00,True
Acinetobacter pittii,qualibact-v1.0,QualiBact Acinetobacter pittii qualibact-v1.0,https://raw.githubusercontent.com/cgps-group/qualibact/52ce95333b12510cacad83bd05d3397c467a6b7b/public/api/v2/thresholds.csv,2026-07-13T13:01:09.408008+00:00,True
Acinetobacter radioresistens,qualibact-v1.0,QualiBact Acinetobacter radioresistens qualibact-v1.0,https://raw.githubusercontent.com/cgps-group/qualibact/52ce95333b12510cacad83bd05d3397c467a6b7b/public/api/v2/thresholds.csv,2026-07-13T13:01:09.408008+00:00,True
Acinetobacter ursingii,qualibact-v1.0,QualiBact Acinetobacter ursingii qualibact-v1.0,https://raw.githubusercontent.com/cgps-group/qualibact/52ce95333b12510cacad83bd05d3397c467a6b7b/public/api/v2/thresholds.csv,2026-07-13T13:01:09.408008+00:00,True
Actinobacillus lignieresii,qualibact-v1.0,QualiBact Actinobacillus lignieresii qualibact-v1.0,https://raw.githubusercontent.com/cgps-group/qualibact/52ce95333b12510cacad83bd05d3397c467a6b7b/public/api/v2/thresholds.csv,2026-07-13T13:01:09.408008+00:00,True
Aerococcus urinae,qualibact-v1.0,QualiBact Aerococcus urinae qualibact-v1.0,https://raw.githubusercontent.com/cgps-group/qualibact/52ce95333b12510cacad83bd05d3397c467a6b7b/public/api/v2/thresholds.csv,2026-07-13T13:01:09.408008+00:00,True
Aeromonas caviae,qualibact-v1.0,QualiBact Aeromonas caviae qualibact-v1.0,https://raw.githubusercontent.com/cgps-group/qualibact/52ce95333b12510cacad83bd05d3397c467a6b7b/public/api/v2/thresholds.csv,2026-07-13T13:01:09.408008+00:00,True
Aeromonas dhakensis,qualibact-v1.0,QualiBact Aeromonas dhakensis qualibact-v1.0,https://raw.githubusercontent.com/cgps-group/qualibact/52ce95333b12510cacad83bd05d3397c467a6b7b/public/api/v2/thresholds.csv,2026-07-13T13:01:09.408008+00:00,True
Aeromonas hydrophila,qualibact-v1.0,QualiBact Aeromonas hydrophila qualibact-v1.0,https://raw.githubusercontent.com/cgps-group/qualibact/52ce95333b12510cacad83bd05d3397c467a6b7b/public/api/v2/thresholds.csv,2026-07-13T13:01:09.408008+00:00,True
Aeromonas salmonicida,qualibact-v1.0,QualiBact Aeromonas salmonicida qualibact-v1.0,https://raw.githubusercontent.com/cgps-group/qualibact/52ce95333b12510cacad83bd05d3397c467a6b7b/public/api/v2/thresholds.csv,2026-07-13T13:01:09.408008+00:00,True
Aeromonas veronii,qualibact-v1.0,QualiBact Aeromonas veronii qualibact-v1.0,https://raw.githubusercontent.com/cgps-group/qualibact/52ce95333b12510cacad83bd05d3397c467a6b7b/public/api/v2/thresholds.csv,2026-07-13T13:01:09.408008+00:00,True
Agrobacterium fabacearum,qualibact-v1.0,QualiBact Agrobacterium fabacearum qualibact-v1.0,https://raw.githubusercontent.com/cgps-group/qualibact/52ce95333b12510cacad83bd05d3397c467a6b7b/public/api/v2/thresholds.csv,2026-07-13T13:01:09.408008+00:00,True
Agrobacterium pusense,qualibact-v1.0,QualiBact Agrobacterium pusense qualibact-v1.0,https://raw.githubusercontent.com/cgps-group/qualibact/52ce95333b12510cacad83bd05d3397c467a6b7b/public/api/v2/thresholds.csv,2026-07-13T13:01:09.408008+00:00,True
Agrobacterium tumefaciens,qualibact-v1.0,QualiBact Agrobacterium tumefaciens qualibact-v1.0,https://raw.githubusercontent.com/cgps-group/qualibact/52ce95333b12510cacad83bd05d3397c467a6b7b/public/api/v2/thresholds.csv,2026-07-13T13:01:09.408008+00:00,True
Aliarcobacter butzleri,qualibact-v1.0,QualiBact Aliarcobacter butzleri qualibact-v1.0,https://raw.githubusercontent.com/cgps-group/qualibact/52ce95333b12510cacad83bd05d3397c467a6b7b/public/api/v2/thresholds.csv,2026-07-13T13:01:09.408008+00:00,True
Aliivibrio fischeri,qualibact-v1.0,QualiBact Aliivibrio fischeri qualibact-v1.0,https://raw.githubusercontent.com/cgps-group/qualibact/52ce95333b12510cacad83bd05d3397c467a6b7b/public/api/v2/thresholds.csv,2026-07-13T13:01:09.408008+00:00,True
Alistipes onderdonkii,qualibact-v1.0,QualiBact Alistipes onderdonkii qualibact-v1.0,https://raw.githubusercontent.com/cgps-group/qualibact/52ce95333b12510cacad83bd05d3397c467a6b7b/public/api/v2/thresholds.csv,2026-07-13T13:01:09.408008+00:00,True
Bacillus altitudinis,qualibact-v1.0,QualiBact Bacillus altitudinis qualibact-v1.0,https://raw.githubusercontent.com/cgps-group/qualibact/52ce95333b12510cacad83bd05d3397c467a6b7b/public/api/v2/thresholds.csv,2026-07-13T13:01:09.408008+00:00,True
Bacillus anthracis,qualibact-v1.0,QualiBact Bacillus anthracis qualibact-v1.0,https://raw.githubusercontent.com/cgps-group/qualibact/52ce95333b12510cacad83bd05d3397c467a6b7b/public/api/v2/thresholds.csv,2026-07-13T13:01:09.408008+00:00,True
Bacillus bombysepticus,qualibact-v1.0,QualiBact Bacillus bombysepticus qualibact-v1.0,https://raw.githubusercontent.com/cgps-group/qualibact/52ce95333b12510cacad83bd05d3397c467a6b7b/public/api/v2/thresholds.csv,2026-07-13T13:01:09.408008+00:00,True
Bacillus cereus,qualibact-v1.0,QualiBact Bacillus cereus qualibact-v1.0,https://raw.githubusercontent.com/cgps-group/qualibact/52ce95333b12510cacad83bd05d3397c467a6b7b/public/api/v2/thresholds.csv,2026-07-13T13:01:09.408008+00:00,True
Bacillus licheniformis,qualibact-v1.0,QualiBact Bacillus licheniformis qualibact-v1.0,https://raw.githubusercontent.com/cgps-group/qualibact/52ce95333b12510cacad83bd05d3397c467a6b7b/public/api/v2/thresholds.csv,2026-07-13T13:01:09.408008+00:00,True
Bacillus mobilis,qualibact-v1.0,QualiBact Bacillus mobilis qualibact-v1.0,https://raw.githubusercontent.com/cgps-group/qualibact/52ce95333b12510cacad83bd05d3397c467a6b7b/public/api/v2/thresholds.csv,2026-07-13T13:01:09.408008+00:00,True
Bacillus mycoides,qualibact-v1.0,QualiBact Bacillus mycoides qualibact-v1.0,https://raw.githubusercontent.com/cgps-group/qualibact/52ce95333b12510cacad83bd05d3397c467a6b7b/public/api/v2/thresholds.csv,2026-07-13T13:01:09.408008+00:00,True
Bacillus paralicheniformis,qualibact-v1.0,QualiBact Bacillus paralicheniformis qualibact-v1.0,https://raw.githubusercontent.com/cgps-group/qualibact/52ce95333b12510cacad83bd05d3397c467a6b7b/public/api/v2/thresholds.csv,2026-07-13T13:01:09.408008+00:00,True
Bacillus paranthracis,qualibact-v1.0,QualiBact Bacillus paranthracis qualibact-v1.0,https://raw.githubusercontent.com/cgps-group/qualibact/52ce95333b12510cacad83bd05d3397c467a6b7b/public/api/v2/thresholds.csv,2026-07-13T13:01:09.408008+00:00,True
Bacillus pumilus,qualibact-v1.0,QualiBact Bacillus pumilus qualibact-v1.0,https://raw.githubusercontent.com/cgps-group/qualibact/52ce95333b12510cacad83bd05d3397c467a6b7b/public/api/v2/thresholds.csv,2026-07-13T13:01:09.408008+00:00,True
Bacillus safensis,qualibact-v1.0,QualiBact Bacillus safensis qualibact-v1.0,https://raw.githubusercontent.com/cgps-group/qualibact/52ce95333b12510cacad83bd05d3397c467a6b7b/public/api/v2/thresholds.csv,2026-07-13T13:01:09.408008+00:00,True
Bacillus spizizenii,qualibact-v1.0,QualiBact Bacillus spizizenii qualibact-v1.0,https://raw.githubusercontent.com/cgps-group/qualibact/52ce95333b12510cacad83bd05d3397c467a6b7b/public/api/v2/thresholds.csv,2026-07-13T13:01:09.408008+00:00,True
Bacillus subtilis,qualibact-v1.0,QualiBact Bacillus subtilis qualibact-v1.0,https://raw.githubusercontent.com/cgps-group/qualibact/52ce95333b12510cacad83bd05d3397c467a6b7b/public/api/v2/thresholds.csv,2026-07-13T13:01:09.408008+00:00,True
Bacillus thuringiensis,qualibact-v1.0,QualiBact Bacillus thuringiensis qualibact-v1.0,https://raw.githubusercontent.com/cgps-group/qualibact/52ce95333b12510cacad83bd05d3397c467a6b7b/public/api/v2/thresholds.csv,2026-07-13T13:01:09.408008+00:00,True
Bacillus toyonensis,qualibact-v1.0,QualiBact Bacillus toyonensis qualibact-v1.0,https://raw.githubusercontent.com/cgps-group/qualibact/52ce95333b12510cacad83bd05d3397c467a6b7b/public/api/v2/thresholds.csv,2026-07-13T13:01:09.408008+00:00,True
Bacillus velezensis,qualibact-v1.0,QualiBact Bacillus velezensis qualibact-v1.0,https://raw.githubusercontent.com/cgps-group/qualibact/52ce95333b12510cacad83bd05d3397c467a6b7b/public/api/v2/thresholds.csv,2026-07-13T13:01:09.408008+00:00,True
Bacillus wiedmannii,qualibact-v1.0,QualiBact Bacillus wiedmannii qualibact-v1.0,https://raw.githubusercontent.com/cgps-group/qualibact/52ce95333b12510cacad83bd05d3397c467a6b7b/public/api/v2/thresholds.csv,2026-07-13T13:01:09.408008+00:00,True
Bacteroides caccae,qualibact-v1.0,QualiBact Bacteroides caccae qualibact-v1.0,https://raw.githubusercontent.com/cgps-group/qualibact/52ce95333b12510cacad83bd05d3397c467a6b7b/public/api/v2/thresholds.csv,2026-07-13T13:01:09.408008+00:00,True
Bacteroides cellulosilyticus,qualibact-v1.0,QualiBact Bacteroides cellulosilyticus qualibact-v1.0,https://raw.githubusercontent.com/cgps-group/qualibact/52ce95333b12510cacad83bd05d3397c467a6b7b/public/api/v2/thresholds.csv,2026-07-13T13:01:09.408008+00:00,True
Bacteroides fragilis,qualibact-v1.0,QualiBact Bacteroides fragilis qualibact-v1.0,https://raw.githubusercontent.com/cgps-group/qualibact/52ce95333b12510cacad83bd05d3397c467a6b7b/public/api/v2/thresholds.csv,2026-07-13T13:01:09.408008+00:00,True
Bacteroides ovatus,qualibact-v1.0,QualiBact Bacteroides ovatus qualibact-v1.0,https://raw.githubusercontent.com/cgps-group/qualibact/52ce95333b12510cacad83bd05d3397c467a6b7b/public/api/v2/thresholds.csv,2026-07-13T13:01:09.408008+00:00,True
Bacteroides stercoris,qualibact-v1.0,QualiBact Bacteroides stercoris qualibact-v1.0,https://raw.githubusercontent.com/cgps-group/qualibact/52ce95333b12510cacad83bd05d3397c467a6b7b/public/api/v2/thresholds.csv,2026-07-13T13:01:09.408008+00:00,True
Bacteroides thetaiotaomicron,qualibact-v1.0,QualiBact Bacteroides thetaiotaomicron qualibact-v1.0,https://raw.githubusercontent.com/cgps-group/qualibact/52ce95333b12510cacad83bd05d3397c467a6b7b/public/api/v2/thresholds.csv,2026-07-13T13:01:09.408008+00:00,True
Bacteroides uniformis,qualibact-v1.0,QualiBact Bacteroides uniformis qualibact-v1.0,https://raw.githubusercontent.com/cgps-group/qualibact/52ce95333b12510cacad83bd05d3397c467a6b7b/public/api/v2/thresholds.csv,2026-07-13T13:01:09.408008+00:00,True
Bacteroides xylanisolvens,qualibact-v1.0,QualiBact Bacteroides xylanisolvens qualibact-v1.0,https://raw.githubusercontent.com/cgps-group/qualibact/52ce95333b12510cacad83bd05d3397c467a6b7b/public/api/v2/thresholds.csv,2026-07-13T13:01:09.408008+00:00,True
Bartonella krasnovii,qualibact-v1.0,QualiBact Bartonella krasnovii qualibact-v1.0,https://raw.githubusercontent.com/cgps-group/qualibact/52ce95333b12510cacad83bd05d3397c467a6b7b/public/api/v2/thresholds.csv,2026-07-13T13:01:09.408008+00:00,True
Bifidobacterium adolescentis,qualibact-v1.0,QualiBact Bifidobacterium adolescentis qualibact-v1.0,https://raw.githubusercontent.com/cgps-group/qualibact/52ce95333b12510cacad83bd05d3397c467a6b7b/public/api/v2/thresholds.csv,2026-07-13T13:01:09.408008+00:00,True
Bifidobacterium animalis,qualibact-v1.0,QualiBact Bifidobacterium animalis qualibact-v1.0,https://raw.githubusercontent.com/cgps-group/qualibact/52ce95333b12510cacad83bd05d3397c467a6b7b/public/api/v2/thresholds.csv,2026-07-13T13:01:09.408008+00:00,True
Bifidobacterium bifidum,qualibact-v1.0,QualiBact Bifidobacterium bifidum qualibact-v1.0,https://raw.githubusercontent.com/cgps-group/qualibact/52ce95333b12510cacad83bd05d3397c467a6b7b/public/api/v2/thresholds.csv,2026-07-13T13:01:09.408008+00:00,True
Bifidobacterium breve,qualibact-v1.0,QualiBact Bifidobacterium breve qualibact-v1.0,https://raw.githubusercontent.com/cgps-group/qualibact/52ce95333b12510cacad83bd05d3397c467a6b7b/public/api/v2/thresholds.csv,2026-07-13T13:01:09.408008+00:00,True
Bifidobacterium dentium,qualibact-v1.0,QualiBact Bifidobacterium dentium qualibact-v1.0,https://raw.githubusercontent.com/cgps-group/qualibact/52ce95333b12510cacad83bd05d3397c467a6b7b/public/api/v2/thresholds.csv,2026-07-13T13:01:09.408008+00:00,True
Bifidobacterium longum,qualibact-v1.0,QualiBact Bifidobacterium longum qualibact-v1.0,https://raw.githubusercontent.com/cgps-group/qualibact/52ce95333b12510cacad83bd05d3397c467a6b7b/public/api/v2/thresholds.csv,2026-07-13T13:01:09.408008+00:00,True
Bifidobacterium pseudocatenulatum,qualibact-v1.0,QualiBact Bifidobacterium pseudocatenulatum qualibact-v1.0,https://raw.githubusercontent.com/cgps-group/qualibact/52ce95333b12510cacad83bd05d3397c467a6b7b/public/api/v2/thresholds.csv,2026-07-13T13:01:09.408008+00:00,True
Bordetella pertussis,qualibact-v1.0,QualiBact Bordetella pertussis qualibact-v1.0,https://raw.githubusercontent.com/cgps-group/qualibact/52ce95333b12510cacad83bd05d3397c467a6b7b/public/api/v2/thresholds.csv,2026-07-13T13:01:09.408008+00:00,True
Borreliella afzelii,qualibact-v1.0,QualiBact Borreliella afzelii qualibact-v1.0,https://raw.githubusercontent.com/cgps-group/qualibact/52ce95333b12510cacad83bd05d3397c467a6b7b/public/api/v2/thresholds.csv,2026-07-13T13:01:09.408008+00:00,True
Borreliella burgdorferi,qualibact-v1.0,QualiBact Borreliella burgdorferi qualibact-v1.0,https://raw.githubusercontent.com/cgps-group/qualibact/52ce95333b12510cacad83bd05d3397c467a6b7b/public/api/v2/thresholds.csv,2026-07-13T13:01:09.408008+00:00,True
Borreliella garinii,qualibact-v1.0,QualiBact Borreliella garinii qualibact-v1.0,https://raw.githubusercontent.com/cgps-group/qualibact/52ce95333b12510cacad83bd05d3397c467a6b7b/public/api/v2/thresholds.csv,2026-07-13T13:01:09.408008+00:00,True
Brachyspira hyodysenteriae,qualibact-v1.0,QualiBact Brachyspira hyodysenteriae qualibact-v1.0,https://raw.githubusercontent.com/cgps-group/qualibact/52ce95333b12510cacad83bd05d3397c467a6b7b/public/api/v2/thresholds.csv,2026-07-13T13:01:09.408008+00:00,True
Bradyrhizobium diazoefficiens,qualibact-v1.0,QualiBact Bradyrhizobium diazoefficiens qualibact-v1.0,https://raw.githubusercontent.com/cgps-group/qualibact/52ce95333b12510cacad83bd05d3397c467a6b7b/public/api/v2/thresholds.csv,2026-07-13T13:01:09.408008+00:00,True
Brucella melitensis,qualibact-v1.0,QualiBact Brucella melitensis qualibact-v1.0,https://raw.githubusercontent.com/cgps-group/qualibact/52ce95333b12510cacad83bd05d3397c467a6b7b/public/api/v2/thresholds.csv,2026-07-13T13:01:09.408008+00:00,True
Burkholderia cenocepacia,qualibact-v1.0,QualiBact Burkholderia cenocepacia qualibact-v1.0,https://raw.githubusercontent.com/cgps-group/qualibact/52ce95333b12510cacad83bd05d3397c467a6b7b/public/api/v2/thresholds.csv,2026-07-13T13:01:09.408008+00:00,True
Burkholderia cepacia,qualibact-v1.0,QualiBact Burkholderia cepacia qualibact-v1.0,https://raw.githubusercontent.com/cgps-group/qualibact/52ce95333b12510cacad83bd05d3397c467a6b7b/public/api/v2/thresholds.csv,2026-07-13T13:01:09.408008+00:00,True
Burkholderia contaminans,qualibact-v1.0,QualiBact Burkholderia contaminans qualibact-v1.0,https://raw.githubusercontent.com/cgps-group/qualibact/52ce95333b12510cacad83bd05d3397c467a6b7b/public/api/v2/thresholds.csv,2026-07-13T13:01:09.408008+00:00,True
Burkholderia dolosa,qualibact-v1.0,QualiBact Burkholderia dolosa qualibact-v1.0,https://raw.githubusercontent.com/cgps-group/qualibact/52ce95333b12510cacad83bd05d3397c467a6b7b/public/api/v2/thresholds.csv,2026-07-13T13:01:09.408008+00:00,True
Burkholderia gladioli,qualibact-v1.0,QualiBact Burkholderia gladioli qualibact-v1.0,https://raw.githubusercontent.com/cgps-group/qualibact/52ce95333b12510cacad83bd05d3397c467a6b7b/public/api/v2/thresholds.csv,2026-07-13T13:01:09.408008+00:00,True
Burkholderia mallei,qualibact-v1.0,QualiBact Burkholderia mallei qualibact-v1.0,https://raw.githubusercontent.com/cgps-group/qualibact/52ce95333b12510cacad83bd05d3397c467a6b7b/public/api/v2/thresholds.csv,2026-07-13T13:01:09.408008+00:00,True
Burkholderia multivorans,qualibact-v1.0,QualiBact Burkholderia multivorans qualibact-v1.0,https://raw.githubusercontent.com/cgps-group/qualibact/52ce95333b12510cacad83bd05d3397c467a6b7b/public/api/v2/thresholds.csv,2026-07-13T13:01:09.408008+00:00,True
Burkholderia orbicola,qualibact-v1.0,QualiBact Burkholderia orbicola qualibact-v1.0,https://raw.githubusercontent.com/cgps-group/qualibact/52ce95333b12510cacad83bd05d3397c467a6b7b/public/api/v2/thresholds.csv,2026-07-13T13:01:09.408008+00:00,True
Burkholderia stagnalis,qualibact-v1.0,QualiBact Burkholderia stagnalis qualibact-v1.0,https://raw.githubusercontent.com/cgps-group/qualibact/52ce95333b12510cacad83bd05d3397c467a6b7b/public/api/v2/thresholds.csv,2026-07-13T13:01:09.408008+00:00,True
Burkholderia ubonensis,qualibact-v1.0,QualiBact Burkholderia ubonensis qualibact-v1.0,https://raw.githubusercontent.com/cgps-group/qualibact/52ce95333b12510cacad83bd05d3397c467a6b7b/public/api/v2/thresholds.csv,2026-07-13T13:01:09.408008+00:00,True
Burkholderia vietnamiensis,qualibact-v1.0,QualiBact Burkholderia vietnamiensis qualibact-v1.0,https://raw.githubusercontent.com/cgps-group/qualibact/52ce95333b12510cacad83bd05d3397c467a6b7b/public/api/v2/thresholds.csv,2026-07-13T13:01:09.408008+00:00,True
Campylobacter coli,qualibact-v1.1,QualiBact Campylobacter coli qualibact-v1.1,https://raw.githubusercontent.com/cgps-group/qualibact/52ce95333b12510cacad83bd05d3397c467a6b7b/public/api/v2/thresholds.csv,2026-07-13T13:01:09.408008+00:00,False
Campylobacter concheus,qualibact-v1.0,QualiBact Campylobacter concheus qualibact-v1.0,https://raw.githubusercontent.com/cgps-group/qualibact/52ce95333b12510cacad83bd05d3397c467a6b7b/public/api/v2/thresholds.csv,2026-07-13T13:01:09.408008+00:00,True
Campylobacter fetus,qualibact-v1.1,QualiBact Campylobacter fetus qualibact-v1.1,https://raw.githubusercontent.com/cgps-group/qualibact/52ce95333b12510cacad83bd05d3397c467a6b7b/public/api/v2/thresholds.csv,2026-07-13T13:01:09.408008+00:00,False
Campylobacter hyointestinalis,qualibact-v1.0,QualiBact Campylobacter hyointestinalis qualibact-v1.0,https://raw.githubusercontent.com/cgps-group/qualibact/52ce95333b12510cacad83bd05d3397c467a6b7b/public/api/v2/thresholds.csv,2026-07-13T13:01:09.408008+00:00,True
Campylobacter jejuni,qualibact-v1.1,QualiBact Campylobacter jejuni qualibact-v1.1,https://raw.githubusercontent.com/cgps-group/qualibact/52ce95333b12510cacad83bd05d3397c467a6b7b/public/api/v2/thresholds.csv,2026-07-13T13:01:09.408008+00:00,False
Campylobacter lari,qualibact-v1.0,QualiBact Campylobacter lari qualibact-v1.0,https://raw.githubusercontent.com/cgps-group/qualibact/52ce95333b12510cacad83bd05d3397c467a6b7b/public/api/v2/thresholds.csv,2026-07-13T13:01:09.408008+00:00,True
Campylobacter upsaliensis,qualibact-v1.0,QualiBact Campylobacter upsaliensis qualibact-v1.0,https://raw.githubusercontent.com/cgps-group/qualibact/52ce95333b12510cacad83bd05d3397c467a6b7b/public/api/v2/thresholds.csv,2026-07-13T13:01:09.408008+00:00,True
Caulobacter vibrioides,qualibact-v1.0,QualiBact Caulobacter vibrioides qualibact-v1.0,https://raw.githubusercontent.com/cgps-group/qualibact/52ce95333b12510cacad83bd05d3397c467a6b7b/public/api/v2/thresholds.csv,2026-07-13T13:01:09.408008+00:00,True
Chlamydia trachomatis,qualibact-v1.0,QualiBact Chlamydia trachomatis qualibact-v1.0,https://raw.githubusercontent.com/cgps-group/qualibact/52ce95333b12510cacad83bd05d3397c467a6b7b/public/api/v2/thresholds.csv,2026-07-13T13:01:09.408008+00:00,True
Citrobacter amalonaticus,qualibact-v1.0,QualiBact Citrobacter amalonaticus qualibact-v1.0,https://raw.githubusercontent.com/cgps-group/qualibact/52ce95333b12510cacad83bd05d3397c467a6b7b/public/api/v2/thresholds.csv,2026-07-13T13:01:09.408008+00:00,True
Citrobacter braakii,qualibact-v1.0,QualiBact Citrobacter braakii qualibact-v1.0,https://raw.githubusercontent.com/cgps-group/qualibact/52ce95333b12510cacad83bd05d3397c467a6b7b/public/api/v2/thresholds.csv,2026-07-13T13:01:09.408008+00:00,True
Citrobacter farmeri,qualibact-v1.0,QualiBact Citrobacter farmeri qualibact-v1.0,https://raw.githubusercontent.com/cgps-group/qualibact/52ce95333b12510cacad83bd05d3397c467a6b7b/public/api/v2/thresholds.csv,2026-07-13T13:01:09.408008+00:00,True
Citrobacter freundii,qualibact-v1.0,QualiBact Citrobacter freundii qualibact-v1.0,https://raw.githubusercontent.com/cgps-group/qualibact/52ce95333b12510cacad83bd05d3397c467a6b7b/public/api/v2/thresholds.csv,2026-07-13T13:01:09.408008+00:00,True
Citrobacter koseri,qualibact-v1.0,QualiBact Citrobacter koseri qualibact-v1.0,https://raw.githubusercontent.com/cgps-group/qualibact/52ce95333b12510cacad83bd05d3397c467a6b7b/public/api/v2/thresholds.csv,2026-07-13T13:01:09.408008+00:00,True
Citrobacter portucalensis,qualibact-v1.0,QualiBact Citrobacter portucalensis qualibact-v1.0,https://raw.githubusercontent.com/cgps-group/qualibact/52ce95333b12510cacad83bd05d3397c467a6b7b/public/api/v2/thresholds.csv,2026-07-13T13:01:09.408008+00:00,True
Citrobacter rodentium,qualibact-v1.0,QualiBact Citrobacter rodentium qualibact-v1.0,https://raw.githubusercontent.com/cgps-group/qualibact/52ce95333b12510cacad83bd05d3397c467a6b7b/public/api/v2/thresholds.csv,2026-07-13T13:01:09.408008+00:00,True
Citrobacter sedlakii,qualibact-v1.0,QualiBact Citrobacter sedlakii qualibact-v1.0,https://raw.githubusercontent.com/cgps-group/qualibact/52ce95333b12510cacad83bd05d3397c467a6b7b/public/api/v2/thresholds.csv,2026-07-13T13:01:09.408008+00:00,True
Citrobacter werkmanii,qualibact-v1.0,QualiBact Citrobacter werkmanii qualibact-v1.0,https://raw.githubusercontent.com/cgps-group/qualibact/52ce95333b12510cacad83bd05d3397c467a6b7b/public/api/v2/thresholds.csv,2026-07-13T13:01:09.408008+00:00,True
Citrobacter youngae,qualibact-v1.0,QualiBact Citrobacter youngae qualibact-v1.0,https://raw.githubusercontent.com/cgps-group/qualibact/52ce95333b12510cacad83bd05d3397c467a6b7b/public/api/v2/thresholds.csv,2026-07-13T13:01:09.408008+00:00,True
Clostridium beijerinckii,qualibact-v1.0,QualiBact Clostridium beijerinckii qualibact-v1.0,https://raw.githubusercontent.com/cgps-group/qualibact/52ce95333b12510cacad83bd05d3397c467a6b7b/public/api/v2/thresholds.csv,2026-07-13T13:01:09.408008+00:00,True
Clostridium botulinum,qualibact-v1.0,QualiBact Clostridium botulinum qualibact-v1.0,https://raw.githubusercontent.com/cgps-group/qualibact/52ce95333b12510cacad83bd05d3397c467a6b7b/public/api/v2/thresholds.csv,2026-07-13T13:01:09.408008+00:00,True
Clostridium cagae,qualibact-v1.0,QualiBact Clostridium cagae qualibact-v1.0,https://raw.githubusercontent.com/cgps-group/qualibact/52ce95333b12510cacad83bd05d3397c467a6b7b/public/api/v2/thresholds.csv,2026-07-13T13:01:09.408008+00:00,True
Clostridium difficile,qualibact-v1.0,QualiBact Clostridium difficile qualibact-v1.0,https://raw.githubusercontent.com/cgps-group/qualibact/52ce95333b12510cacad83bd05d3397c467a6b7b/public/api/v2/thresholds.csv,2026-07-13T13:01:09.408008+00:00,True
Clostridium innocuum,qualibact-v1.0,QualiBact Clostridium innocuum qualibact-v1.0,https://raw.githubusercontent.com/cgps-group/qualibact/52ce95333b12510cacad83bd05d3397c467a6b7b/public/api/v2/thresholds.csv,2026-07-13T13:01:09.408008+00:00,True
Clostridium tetani,qualibact-v1.0,QualiBact Clostridium tetani qualibact-v1.0,https://raw.githubusercontent.com/cgps-group/qualibact/52ce95333b12510cacad83bd05d3397c467a6b7b/public/api/v2/thresholds.csv,2026-07-13T13:01:09.408008+00:00,True
Corynebacterium diphtheriae,qualibact-v1.0,QualiBact Corynebacterium diphtheriae qualibact-v1.0,https://raw.githubusercontent.com/cgps-group/qualibact/52ce95333b12510cacad83bd05d3397c467a6b7b/public/api/v2/thresholds.csv,2026-07-13T13:01:09.408008+00:00,True
Corynebacterium glutamicum,qualibact-v1.0,QualiBact Corynebacterium glutamicum qualibact-v1.0,https://raw.githubusercontent.com/cgps-group/qualibact/52ce95333b12510cacad83bd05d3397c467a6b7b/public/api/v2/thresholds.csv,2026-07-13T13:01:09.408008+00:00,True
Corynebacterium jeikeium,qualibact-v1.0,QualiBact Corynebacterium jeikeium qualibact-v1.0,https://raw.githubusercontent.com/cgps-group/qualibact/52ce95333b12510cacad83bd05d3397c467a6b7b/public/api/v2/thresholds.csv,2026-07-13T13:01:09.408008+00:00,True
Corynebacterium pseudodiphtheriticum,qualibact-v1.0,QualiBact Corynebacterium pseudodiphtheriticum qualibact-v1.0,https://raw.githubusercontent.com/cgps-group/qualibact/52ce95333b12510cacad83bd05d3397c467a6b7b/public/api/v2/thresholds.csv,2026-07-13T13:01:09.408008+00:00,True
Corynebacterium striatum,qualibact-v1.0,QualiBact Corynebacterium striatum qualibact-v1.0,https://raw.githubusercontent.com/cgps-group/qualibact/52ce95333b12510cacad83bd05d3397c467a6b7b/public/api/v2/thresholds.csv,2026-07-13T13:01:09.408008+00:00,True
Corynebacterium ulcerans,qualibact-v1.0,QualiBact Corynebacterium ulcerans qualibact-v1.0,https://raw.githubusercontent.com/cgps-group/qualibact/52ce95333b12510cacad83bd05d3397c467a6b7b/public/api/v2/thresholds.csv,2026-07-13T13:01:09.408008+00:00,True
Cronobacter sakazakii,qualibact-v1.0,QualiBact Cronobacter sakazakii qualibact-v1.0,https://raw.githubusercontent.com/cgps-group/qualibact/52ce95333b12510cacad83bd05d3397c467a6b7b/public/api/v2/thresholds.csv,2026-07-13T13:01:09.408008+00:00,True
Cronobacter turicensis,qualibact-v1.0,QualiBact Cronobacter turicensis qualibact-v1.0,https://raw.githubusercontent.com/cgps-group/qualibact/52ce95333b12510cacad83bd05d3397c467a6b7b/public/api/v2/thresholds.csv,2026-07-13T13:01:09.408008+00:00,True
Curtobacterium flaccumfaciens,qualibact-v1.0,QualiBact Curtobacterium flaccumfaciens qualibact-v1.0,https://raw.githubusercontent.com/cgps-group/qualibact/52ce95333b12510cacad83bd05d3397c467a6b7b/public/api/v2/thresholds.csv,2026-07-13T13:01:09.408008+00:00,True
Cutibacterium acnes,qualibact-v1.0,QualiBact Cutibacterium acnes qualibact-v1.0,https://raw.githubusercontent.com/cgps-group/qualibact/52ce95333b12510cacad83bd05d3397c467a6b7b/public/api/v2/thresholds.csv,2026-07-13T13:01:09.408008+00:00,True
Deinococcus radiodurans,qualibact-v1.0,QualiBact Deinococcus radiodurans qualibact-v1.0,https://raw.githubusercontent.com/cgps-group/qualibact/52ce95333b12510cacad83bd05d3397c467a6b7b/public/api/v2/thresholds.csv,2026-07-13T13:01:09.408008+00:00,True
Dichelobacter nodosus,qualibact-v1.0,QualiBact Dichelobacter nodosus qualibact-v1.0,https://raw.githubusercontent.com/cgps-group/qualibact/52ce95333b12510cacad83bd05d3397c467a6b7b/public/api/v2/thresholds.csv,2026-07-13T13:01:09.408008+00:00,True
Elizabethkingia anophelis,qualibact-v1.0,QualiBact Elizabethkingia anophelis qualibact-v1.0,https://raw.githubusercontent.com/cgps-group/qualibact/52ce95333b12510cacad83bd05d3397c467a6b7b/public/api/v2/thresholds.csv,2026-07-13T13:01:09.408008+00:00,True
Enterobacter asburiae,qualibact-v1.0,QualiBact Enterobacter asburiae qualibact-v1.0,https://raw.githubusercontent.com/cgps-group/qualibact/52ce95333b12510cacad83bd05d3397c467a6b7b/public/api/v2/thresholds.csv,2026-07-13T13:01:09.408008+00:00,True
Enterobacter bugandensis,qualibact-v1.0,QualiBact Enterobacter bugandensis qualibact-v1.0,https://raw.githubusercontent.com/cgps-group/qualibact/52ce95333b12510cacad83bd05d3397c467a6b7b/public/api/v2/thresholds.csv,2026-07-13T13:01:09.408008+00:00,True
Enterobacter cloacae,qualibact-v1.0,QualiBact Enterobacter cloacae qualibact-v1.0,https://raw.githubusercontent.com/cgps-group/qualibact/52ce95333b12510cacad83bd05d3397c467a6b7b/public/api/v2/thresholds.csv,2026-07-13T13:01:09.408008+00:00,True
Enterobacter hormaechei,qualibact-v1.0,QualiBact Enterobacter hormaechei qualibact-v1.0,https://raw.githubusercontent.com/cgps-group/qualibact/52ce95333b12510cacad83bd05d3397c467a6b7b/public/api/v2/thresholds.csv,2026-07-13T13:01:09.408008+00:00,True
Enterobacter kobei,qualibact-v1.0,QualiBact Enterobacter kobei qualibact-v1.0,https://raw.githubusercontent.com/cgps-group/qualibact/52ce95333b12510cacad83bd05d3397c467a6b7b/public/api/v2/thresholds.csv,2026-07-13T13:01:09.408008+00:00,True
Enterobacter ludwigii,qualibact-v1.0,QualiBact Enterobacter ludwigii qualibact-v1.0,https://raw.githubusercontent.com/cgps-group/qualibact/52ce95333b12510cacad83bd05d3397c467a6b7b/public/api/v2/thresholds.csv,2026-07-13T13:01:09.408008+00:00,True
Enterobacter roggenkampii,qualibact-v1.0,QualiBact Enterobacter roggenkampii qualibact-v1.0,https://raw.githubusercontent.com/cgps-group/qualibact/52ce95333b12510cacad83bd05d3397c467a6b7b/public/api/v2/thresholds.csv,2026-07-13T13:01:09.408008+00:00,True
Enterococcus avium,qualibact-v1.0,QualiBact Enterococcus avium qualibact-v1.0,https://raw.githubusercontent.com/cgps-group/qualibact/52ce95333b12510cacad83bd05d3397c467a6b7b/public/api/v2/thresholds.csv,2026-07-13T13:01:09.408008+00:00,True
Enterococcus casseliflavus,qualibact-v1.0,QualiBact Enterococcus casseliflavus qualibact-v1.0,https://raw.githubusercontent.com/cgps-group/qualibact/52ce95333b12510cacad83bd05d3397c467a6b7b/public/api/v2/thresholds.csv,2026-07-13T13:01:09.408008+00:00,True
Enterococcus cecorum,qualibact-v1.0,QualiBact Enterococcus cecorum qualibact-v1.0,https://raw.githubusercontent.com/cgps-group/qualibact/52ce95333b12510cacad83bd05d3397c467a6b7b/public/api/v2/thresholds.csv,2026-07-13T13:01:09.408008+00:00,True
Enterococcus durans,qualibact-v1.0,QualiBact Enterococcus durans qualibact-v1.0,https://raw.githubusercontent.com/cgps-group/qualibact/52ce95333b12510cacad83bd05d3397c467a6b7b/public/api/v2/thresholds.csv,2026-07-13T13:01:09.408008+00:00,True
Enterococcus faecalis,qualibact-v1.0,QualiBact Enterococcus faecalis qualibact-v1.0,https://raw.githubusercontent.com/cgps-group/qualibact/52ce95333b12510cacad83bd05d3397c467a6b7b/public/api/v2/thresholds.csv,2026-07-13T13:01:09.408008+00:00,True
Enterococcus faecium,qualibact-v1.0,QualiBact Enterococcus faecium qualibact-v1.0,https://raw.githubusercontent.com/cgps-group/qualibact/52ce95333b12510cacad83bd05d3397c467a6b7b/public/api/v2/thresholds.csv,2026-07-13T13:01:09.408008+00:00,True
Enterococcus gallinarum,qualibact-v1.0,QualiBact Enterococcus gallinarum qualibact-v1.0,https://raw.githubusercontent.com/cgps-group/qualibact/52ce95333b12510cacad83bd05d3397c467a6b7b/public/api/v2/thresholds.csv,2026-07-13T13:01:09.408008+00:00,True
Enterococcus hirae,qualibact-v1.0,QualiBact Enterococcus hirae qualibact-v1.0,https://raw.githubusercontent.com/cgps-group/qualibact/52ce95333b12510cacad83bd05d3397c467a6b7b/public/api/v2/thresholds.csv,2026-07-13T13:01:09.408008+00:00,True
Enterococcus lactis,qualibact-v1.0,QualiBact Enterococcus lactis qualibact-v1.0,https://raw.githubusercontent.com/cgps-group/qualibact/52ce95333b12510cacad83bd05d3397c467a6b7b/public/api/v2/thresholds.csv,2026-07-13T13:01:09.408008+00:00,True
Erwinia amylovora,qualibact-v1.0,QualiBact Erwinia amylovora qualibact-v1.0,https://raw.githubusercontent.com/cgps-group/qualibact/52ce95333b12510cacad83bd05d3397c467a6b7b/public/api/v2/thresholds.csv,2026-07-13T13:01:09.408008+00:00,True
Erysipelothrix rhusiopathiae,qualibact-v1.0,QualiBact Erysipelothrix rhusiopathiae qualibact-v1.0,https://raw.githubusercontent.com/cgps-group/qualibact/52ce95333b12510cacad83bd05d3397c467a6b7b/public/api/v2/thresholds.csv,2026-07-13T13:01:09.408008+00:00,True
Escherichia albertii,qualibact-v1.0,QualiBact Escherichia albertii qualibact-v1.0,https://raw.githubusercontent.com/cgps-group/qualibact/52ce95333b12510cacad83bd05d3397c467a6b7b/public/api/v2/thresholds.csv,2026-07-13T13:01:09.408008+00:00,True
Escherichia coli,qualibact-v1.0,QualiBact Escherichia coli qualibact-v1.0,https://raw.githubusercontent.com/cgps-group/qualibact/52ce95333b12510cacad83bd05d3397c467a6b7b/public/api/v2/thresholds.csv,2026-07-13T13:01:09.408008+00:00,True
Escherichia fergusonii,qualibact-v1.0,QualiBact Escherichia fergusonii qualibact-v1.0,https://raw.githubusercontent.com/cgps-group/qualibact/52ce95333b12510cacad83bd05d3397c467a6b7b/public/api/v2/thresholds.csv,2026-07-13T13:01:09.408008+00:00,True
Escherichia marmotae,qualibact-v1.0,QualiBact Escherichia marmotae qualibact-v1.0,https://raw.githubusercontent.com/cgps-group/qualibact/52ce95333b12510cacad83bd05d3397c467a6b7b/public/api/v2/thresholds.csv,2026-07-13T13:01:09.408008+00:00,True
Escherichia ruysiae,qualibact-v1.0,QualiBact Escherichia ruysiae qualibact-v1.0,https://raw.githubusercontent.com/cgps-group/qualibact/52ce95333b12510cacad83bd05d3397c467a6b7b/public/api/v2/thresholds.csv,2026-07-13T13:01:09.408008+00:00,True
Flavobacterium psychrophilum,qualibact-v1.0,QualiBact Flavobacterium psychrophilum qualibact-v1.0,https://raw.githubusercontent.com/cgps-group/qualibact/52ce95333b12510cacad83bd05d3397c467a6b7b/public/api/v2/thresholds.csv,2026-07-13T13:01:09.408008+00:00,True
Francisella tularensis,qualibact-v1.0,QualiBact Francisella tularensis qualibact-v1.0,https://raw.githubusercontent.com/cgps-group/qualibact/52ce95333b12510cacad83bd05d3397c467a6b7b/public/api/v2/thresholds.csv,2026-07-13T13:01:09.408008+00:00,True
Fusobacterium necrophorum,qualibact-v1.0,QualiBact Fusobacterium necrophorum qualibact-v1.0,https://raw.githubusercontent.com/cgps-group/qualibact/52ce95333b12510cacad83bd05d3397c467a6b7b/public/api/v2/thresholds.csv,2026-07-13T13:01:09.408008+00:00,True
Glaesserella parasuis,qualibact-v1.0,QualiBact Glaesserella parasuis qualibact-v1.0,https://raw.githubusercontent.com/cgps-group/qualibact/52ce95333b12510cacad83bd05d3397c467a6b7b/public/api/v2/thresholds.csv,2026-07-13T13:01:09.408008+00:00,True
Haemophilus haemolyticus,qualibact-v1.1,QualiBact Haemophilus haemolyticus qualibact-v1.1,https://raw.githubusercontent.com/cgps-group/qualibact/52ce95333b12510cacad83bd05d3397c467a6b7b/public/api/v2/thresholds.csv,2026-07-13T13:01:09.408008+00:00,False
Haemophilus influenzae,qualibact-v1.1,QualiBact Haemophilus influenzae qualibact-v1.1,https://raw.githubusercontent.com/cgps-group/qualibact/52ce95333b12510cacad83bd05d3397c467a6b7b/public/api/v2/thresholds.csv,2026-07-13T13:01:09.408008+00:00,False
Haemophilus parainfluenzae,qualibact-v1.0,QualiBact Haemophilus parainfluenzae qualibact-v1.0,https://raw.githubusercontent.com/cgps-group/qualibact/52ce95333b12510cacad83bd05d3397c467a6b7b/public/api/v2/thresholds.csv,2026-07-13T13:01:09.408008+00:00,True
Hafnia paralvei,qualibact-v1.0,QualiBact Hafnia paralvei qualibact-v1.0,https://raw.githubusercontent.com/cgps-group/qualibact/52ce95333b12510cacad83bd05d3397c467a6b7b/public/api/v2/thresholds.csv,2026-07-13T13:01:09.408008+00:00,True
Helicobacter pylori,qualibact-v1.0,QualiBact Helicobacter pylori qualibact-v1.0,https://raw.githubusercontent.com/cgps-group/qualibact/52ce95333b12510cacad83bd05d3397c467a6b7b/public/api/v2/thresholds.csv,2026-07-13T13:01:09.408008+00:00,True
Hungateiclostridium thermocellum,qualibact-v1.0,QualiBact Hungateiclostridium thermocellum qualibact-v1.0,https://raw.githubusercontent.com/cgps-group/qualibact/52ce95333b12510cacad83bd05d3397c467a6b7b/public/api/v2/thresholds.csv,2026-07-13T13:01:09.408008+00:00,True
Janthinobacterium lividum,qualibact-v1.0,QualiBact Janthinobacterium lividum qualibact-v1.0,https://raw.githubusercontent.com/cgps-group/qualibact/52ce95333b12510cacad83bd05d3397c467a6b7b/public/api/v2/thresholds.csv,2026-07-13T13:01:09.408008+00:00,True
Klebsiella aerogenes,qualibact-v1.0,QualiBact Klebsiella aerogenes qualibact-v1.0,https://raw.githubusercontent.com/cgps-group/qualibact/52ce95333b12510cacad83bd05d3397c467a6b7b/public/api/v2/thresholds.csv,2026-07-13T13:01:09.408008+00:00,True
Klebsiella grimontii,qualibact-v1.0,QualiBact Klebsiella grimontii qualibact-v1.0,https://raw.githubusercontent.com/cgps-group/qualibact/52ce95333b12510cacad83bd05d3397c467a6b7b/public/api/v2/thresholds.csv,2026-07-13T13:01:09.408008+00:00,True
Klebsiella michiganensis,qualibact-v1.0,QualiBact Klebsiella michiganensis qualibact-v1.0,https://raw.githubusercontent.com/cgps-group/qualibact/52ce95333b12510cacad83bd05d3397c467a6b7b/public/api/v2/thresholds.csv,2026-07-13T13:01:09.408008+00:00,True
Klebsiella ornithinolytica,qualibact-v1.0,QualiBact Klebsiella ornithinolytica qualibact-v1.0,https://raw.githubusercontent.com/cgps-group/qualibact/52ce95333b12510cacad83bd05d3397c467a6b7b/public/api/v2/thresholds.csv,2026-07-13T13:01:09.408008+00:00,True
Klebsiella oxytoca,qualibact-v1.0,QualiBact Klebsiella oxytoca qualibact-v1.0,https://raw.githubusercontent.com/cgps-group/qualibact/52ce95333b12510cacad83bd05d3397c467a6b7b/public/api/v2/thresholds.csv,2026-07-13T13:01:09.408008+00:00,True
Klebsiella planticola,qualibact-v1.0,QualiBact Klebsiella planticola qualibact-v1.0,https://raw.githubusercontent.com/cgps-group/qualibact/52ce95333b12510cacad83bd05d3397c467a6b7b/public/api/v2/thresholds.csv,2026-07-13T13:01:09.408008+00:00,True
Klebsiella pneumoniae,qualibact-v1.0,QualiBact Klebsiella pneumoniae qualibact-v1.0,https://raw.githubusercontent.com/cgps-group/qualibact/52ce95333b12510cacad83bd05d3397c467a6b7b/public/api/v2/thresholds.csv,2026-07-13T13:01:09.408008+00:00,True
Klebsiella quasipneumoniae,qualibact-v1.1,QualiBact Klebsiella quasipneumoniae qualibact-v1.1,https://raw.githubusercontent.com/cgps-group/qualibact/52ce95333b12510cacad83bd05d3397c467a6b7b/public/api/v2/thresholds.csv,2026-07-13T13:01:09.408008+00:00,False
Klebsiella variicola,qualibact-v1.1,QualiBact Klebsiella variicola qualibact-v1.1,https://raw.githubusercontent.com/cgps-group/qualibact/52ce95333b12510cacad83bd05d3397c467a6b7b/public/api/v2/thresholds.csv,2026-07-13T13:01:09.408008+00:00,False
Lacticaseibacillus paracasei,qualibact-v1.0,QualiBact Lacticaseibacillus paracasei qualibact-v1.0,https://raw.githubusercontent.com/cgps-group/qualibact/52ce95333b12510cacad83bd05d3397c467a6b7b/public/api/v2/thresholds.csv,2026-07-13T13:01:09.408008+00:00,True
Lacticaseibacillus rhamnosus,qualibact-v1.0,QualiBact Lacticaseibacillus rhamnosus qualibact-v1.0,https://raw.githubusercontent.com/cgps-group/qualibact/52ce95333b12510cacad83bd05d3397c467a6b7b/public/api/v2/thresholds.csv,2026-07-13T13:01:09.408008+00:00,True
Lactiplantibacillus plantarum,qualibact-v1.0,QualiBact Lactiplantibacillus plantarum qualibact-v1.0,https://raw.githubusercontent.com/cgps-group/qualibact/52ce95333b12510cacad83bd05d3397c467a6b7b/public/api/v2/thresholds.csv,2026-07-13T13:01:09.408008+00:00,True
Lactobacillus acidophilus,qualibact-v1.0,QualiBact Lactobacillus acidophilus qualibact-v1.0,https://raw.githubusercontent.com/cgps-group/qualibact/52ce95333b12510cacad83bd05d3397c467a6b7b/public/api/v2/thresholds.csv,2026-07-13T13:01:09.408008+00:00,True
Lactobacillus crispatus,qualibact-v1.0,QualiBact Lactobacillus crispatus qualibact-v1.0,https://raw.githubusercontent.com/cgps-group/qualibact/52ce95333b12510cacad83bd05d3397c467a6b7b/public/api/v2/thresholds.csv,2026-07-13T13:01:09.408008+00:00,True
Lactobacillus gasseri,qualibact-v1.0,QualiBact Lactobacillus gasseri qualibact-v1.0,https://raw.githubusercontent.com/cgps-group/qualibact/52ce95333b12510cacad83bd05d3397c467a6b7b/public/api/v2/thresholds.csv,2026-07-13T13:01:09.408008+00:00,True
Lactobacillus johnsonii,qualibact-v1.0,QualiBact Lactobacillus johnsonii qualibact-v1.0,https://raw.githubusercontent.com/cgps-group/qualibact/52ce95333b12510cacad83bd05d3397c467a6b7b/public/api/v2/thresholds.csv,2026-07-13T13:01:09.408008+00:00,True
Lactobacillus paragasseri,qualibact-v1.0,QualiBact Lactobacillus paragasseri qualibact-v1.0,https://raw.githubusercontent.com/cgps-group/qualibact/52ce95333b12510cacad83bd05d3397c467a6b7b/public/api/v2/thresholds.csv,2026-07-13T13:01:09.408008+00:00,True
Lactococcus lactis,qualibact-v1.0,QualiBact Lactococcus lactis qualibact-v1.0,https://raw.githubusercontent.com/cgps-group/qualibact/52ce95333b12510cacad83bd05d3397c467a6b7b/public/api/v2/thresholds.csv,2026-07-13T13:01:09.408008+00:00,True
Legionella fraseri,qualibact-v1.0,QualiBact Legionella fraseri qualibact-v1.0,https://raw.githubusercontent.com/cgps-group/qualibact/52ce95333b12510cacad83bd05d3397c467a6b7b/public/api/v2/thresholds.csv,2026-07-13T13:01:09.408008+00:00,True
Legionella longbeachae,qualibact-v1.0,QualiBact Legionella longbeachae qualibact-v1.0,https://raw.githubusercontent.com/cgps-group/qualibact/52ce95333b12510cacad83bd05d3397c467a6b7b/public/api/v2/thresholds.csv,2026-07-13T13:01:09.408008+00:00,True
Legionella pneumophila,qualibact-v1.0,QualiBact Legionella pneumophila qualibact-v1.0,https://raw.githubusercontent.com/cgps-group/qualibact/52ce95333b12510cacad83bd05d3397c467a6b7b/public/api/v2/thresholds.csv,2026-07-13T13:01:09.408008+00:00,True
Leptospira borgpetersenii,qualibact-v1.0,QualiBact Leptospira borgpetersenii qualibact-v1.0,https://raw.githubusercontent.com/cgps-group/qualibact/52ce95333b12510cacad83bd05d3397c467a6b7b/public/api/v2/thresholds.csv,2026-07-13T13:01:09.408008+00:00,True
Leptospira interrogans,qualibact-v1.0,QualiBact Leptospira interrogans qualibact-v1.0,https://raw.githubusercontent.com/cgps-group/qualibact/52ce95333b12510cacad83bd05d3397c467a6b7b/public/api/v2/thresholds.csv,2026-07-13T13:01:09.408008+00:00,True
Ligilactobacillus salivarius,qualibact-v1.0,QualiBact Ligilactobacillus salivarius qualibact-v1.0,https://raw.githubusercontent.com/cgps-group/qualibact/52ce95333b12510cacad83bd05d3397c467a6b7b/public/api/v2/thresholds.csv,2026-07-13T13:01:09.408008+00:00,True
Limosilactobacillus fermentum,qualibact-v1.0,QualiBact Limosilactobacillus fermentum qualibact-v1.0,https://raw.githubusercontent.com/cgps-group/qualibact/52ce95333b12510cacad83bd05d3397c467a6b7b/public/api/v2/thresholds.csv,2026-07-13T13:01:09.408008+00:00,True
Limosilactobacillus mucosae,qualibact-v1.0,QualiBact Limosilactobacillus mucosae qualibact-v1.0,https://raw.githubusercontent.com/cgps-group/qualibact/52ce95333b12510cacad83bd05d3397c467a6b7b/public/api/v2/thresholds.csv,2026-07-13T13:01:09.408008+00:00,True
Limosilactobacillus reuteri,qualibact-v1.0,QualiBact Limosilactobacillus reuteri qualibact-v1.0,https://raw.githubusercontent.com/cgps-group/qualibact/52ce95333b12510cacad83bd05d3397c467a6b7b/public/api/v2/thresholds.csv,2026-07-13T13:01:09.408008+00:00,True
Listeria grayi,qualibact-v1.0,QualiBact Listeria grayi qualibact-v1.0,https://raw.githubusercontent.com/cgps-group/qualibact/52ce95333b12510cacad83bd05d3397c467a6b7b/public/api/v2/thresholds.csv,2026-07-13T13:01:09.408008+00:00,True
Listeria innocua,qualibact-v1.0,QualiBact Listeria innocua qualibact-v1.0,https://raw.githubusercontent.com/cgps-group/qualibact/52ce95333b12510cacad83bd05d3397c467a6b7b/public/api/v2/thresholds.csv,2026-07-13T13:01:09.408008+00:00,True
Listeria monocytogenes,qualibact-v1.0,QualiBact Listeria monocytogenes qualibact-v1.0,https://raw.githubusercontent.com/cgps-group/qualibact/52ce95333b12510cacad83bd05d3397c467a6b7b/public/api/v2/thresholds.csv,2026-07-13T13:01:09.408008+00:00,True
Listeria seeligeri,qualibact-v1.0,QualiBact Listeria seeligeri qualibact-v1.0,https://raw.githubusercontent.com/cgps-group/qualibact/52ce95333b12510cacad83bd05d3397c467a6b7b/public/api/v2/thresholds.csv,2026-07-13T13:01:09.408008+00:00,True
Listeria welshimeri,qualibact-v1.0,QualiBact Listeria welshimeri qualibact-v1.0,https://raw.githubusercontent.com/cgps-group/qualibact/52ce95333b12510cacad83bd05d3397c467a6b7b/public/api/v2/thresholds.csv,2026-07-13T13:01:09.408008+00:00,True
Mammaliicoccus sciuri,qualibact-v1.0,QualiBact Mammaliicoccus sciuri qualibact-v1.0,https://raw.githubusercontent.com/cgps-group/qualibact/52ce95333b12510cacad83bd05d3397c467a6b7b/public/api/v2/thresholds.csv,2026-07-13T13:01:09.408008+00:00,True
Mannheimia haemolytica,qualibact-v1.0,QualiBact Mannheimia haemolytica qualibact-v1.0,https://raw.githubusercontent.com/cgps-group/qualibact/52ce95333b12510cacad83bd05d3397c467a6b7b/public/api/v2/thresholds.csv,2026-07-13T13:01:09.408008+00:00,True
Mesomycoplasma hyopneumoniae,qualibact-v1.0,QualiBact Mesomycoplasma hyopneumoniae qualibact-v1.0,https://raw.githubusercontent.com/cgps-group/qualibact/52ce95333b12510cacad83bd05d3397c467a6b7b/public/api/v2/thresholds.csv,2026-07-13T13:01:09.408008+00:00,True
Micrococcus luteus,qualibact-v1.0,QualiBact Micrococcus luteus qualibact-v1.0,https://raw.githubusercontent.com/cgps-group/qualibact/52ce95333b12510cacad83bd05d3397c467a6b7b/public/api/v2/thresholds.csv,2026-07-13T13:01:09.408008+00:00,True
Moraxella bovoculi,qualibact-v1.0,QualiBact Moraxella bovoculi qualibact-v1.0,https://raw.githubusercontent.com/cgps-group/qualibact/52ce95333b12510cacad83bd05d3397c467a6b7b/public/api/v2/thresholds.csv,2026-07-13T13:01:09.408008+00:00,True
Moraxella catarrhalis,qualibact-v1.0,QualiBact Moraxella catarrhalis qualibact-v1.0,https://raw.githubusercontent.com/cgps-group/qualibact/52ce95333b12510cacad83bd05d3397c467a6b7b/public/api/v2/thresholds.csv,2026-07-13T13:01:09.408008+00:00,True
Morganella morganii,qualibact-v1.0,QualiBact Morganella morganii qualibact-v1.0,https://raw.githubusercontent.com/cgps-group/qualibact/52ce95333b12510cacad83bd05d3397c467a6b7b/public/api/v2/thresholds.csv,2026-07-13T13:01:09.408008+00:00,True
Mycobacterium abscessus,qualibact-v1.0,QualiBact Mycobacterium abscessus qualibact-v1.0,https://raw.githubusercontent.com/cgps-group/qualibact/52ce95333b12510cacad83bd05d3397c467a6b7b/public/api/v2/thresholds.csv,2026-07-13T13:01:09.408008+00:00,True
Mycobacterium avium,qualibact-v1.0,QualiBact Mycobacterium avium qualibact-v1.0,https://raw.githubusercontent.com/cgps-group/qualibact/52ce95333b12510cacad83bd05d3397c467a6b7b/public/api/v2/thresholds.csv,2026-07-13T13:01:09.408008+00:00,True
Mycobacterium chelonae,qualibact-v1.0,QualiBact Mycobacterium chelonae qualibact-v1.0,https://raw.githubusercontent.com/cgps-group/qualibact/52ce95333b12510cacad83bd05d3397c467a6b7b/public/api/v2/thresholds.csv,2026-07-13T13:01:09.408008+00:00,True
Mycobacterium intracellulare,qualibact-v1.0,QualiBact Mycobacterium intracellulare qualibact-v1.0,https://raw.githubusercontent.com/cgps-group/qualibact/52ce95333b12510cacad83bd05d3397c467a6b7b/public/api/v2/thresholds.csv,2026-07-13T13:01:09.408008+00:00,True
Mycobacterium kansasii,qualibact-v1.0,QualiBact Mycobacterium kansasii qualibact-v1.0,https://raw.githubusercontent.com/cgps-group/qualibact/52ce95333b12510cacad83bd05d3397c467a6b7b/public/api/v2/thresholds.csv,2026-07-13T13:01:09.408008+00:00,True
Mycobacterium marinum,qualibact-v1.0,QualiBact Mycobacterium marinum qualibact-v1.0,https://raw.githubusercontent.com/cgps-group/qualibact/52ce95333b12510cacad83bd05d3397c467a6b7b/public/api/v2/thresholds.csv,2026-07-13T13:01:09.408008+00:00,True
Mycobacterium smegmatis,qualibact-v1.0,QualiBact Mycobacterium smegmatis qualibact-v1.0,https://raw.githubusercontent.com/cgps-group/qualibact/52ce95333b12510cacad83bd05d3397c467a6b7b/public/api/v2/thresholds.csv,2026-07-13T13:01:09.408008+00:00,True
Mycobacterium tuberculosis,qualibact-v1.0,QualiBact Mycobacterium tuberculosis qualibact-v1.0,https://raw.githubusercontent.com/cgps-group/qualibact/52ce95333b12510cacad83bd05d3397c467a6b7b/public/api/v2/thresholds.csv,2026-07-13T13:01:09.408008+00:00,True
Mycoplasma capri,qualibact-v1.0,QualiBact Mycoplasma capri qualibact-v1.0,https://raw.githubusercontent.com/cgps-group/qualibact/52ce95333b12510cacad83bd05d3397c467a6b7b/public/api/v2/thresholds.csv,2026-07-13T13:01:09.408008+00:00,True
Mycoplasmoides pneumoniae,qualibact-v1.0,QualiBact Mycoplasmoides pneumoniae qualibact-v1.0,https://raw.githubusercontent.com/cgps-group/qualibact/52ce95333b12510cacad83bd05d3397c467a6b7b/public/api/v2/thresholds.csv,2026-07-13T13:01:09.408008+00:00,True
Mycoplasmopsis bovis,qualibact-v1.0,QualiBact Mycoplasmopsis bovis qualibact-v1.0,https://raw.githubusercontent.com/cgps-group/qualibact/52ce95333b12510cacad83bd05d3397c467a6b7b/public/api/v2/thresholds.csv,2026-07-13T13:01:09.408008+00:00,True
Neisseria bergeri,qualibact-v1.1,QualiBact Neisseria bergeri qualibact-v1.1,https://raw.githubusercontent.com/cgps-group/qualibact/52ce95333b12510cacad83bd05d3397c467a6b7b/public/api/v2/thresholds.csv,2026-07-13T13:01:09.408008+00:00,False
Neisseria flavescens,qualibact-v1.1,QualiBact Neisseria flavescens qualibact-v1.1,https://raw.githubusercontent.com/cgps-group/qualibact/52ce95333b12510cacad83bd05d3397c467a6b7b/public/api/v2/thresholds.csv,2026-07-13T13:01:09.408008+00:00,False
Neisseria gonorrhoeae,qualibact-v1.1,QualiBact Neisseria gonorrhoeae qualibact-v1.1,https://raw.githubusercontent.com/cgps-group/qualibact/52ce95333b12510cacad83bd05d3397c467a6b7b/public/api/v2/thresholds.csv,2026-07-13T13:01:09.408008+00:00,False
Neisseria lactamica,qualibact-v1.1,QualiBact Neisseria lactamica qualibact-v1.1,https://raw.githubusercontent.com/cgps-group/qualibact/52ce95333b12510cacad83bd05d3397c467a6b7b/public/api/v2/thresholds.csv,2026-07-13T13:01:09.408008+00:00,False
Neisseria meningitidis,qualibact-v1.1,QualiBact Neisseria meningitidis qualibact-v1.1,https://raw.githubusercontent.com/cgps-group/qualibact/52ce95333b12510cacad83bd05d3397c467a6b7b/public/api/v2/thresholds.csv,2026-07-13T13:01:09.408008+00:00,False
Neisseria perflava,qualibact-v1.1,QualiBact Neisseria perflava qualibact-v1.1,https://raw.githubusercontent.com/cgps-group/qualibact/52ce95333b12510cacad83bd05d3397c467a6b7b/public/api/v2/thresholds.csv,2026-07-13T13:01:09.408008+00:00,False
Neisseria polysaccharea,qualibact-v1.1,QualiBact Neisseria polysaccharea qualibact-v1.1,https://raw.githubusercontent.com/cgps-group/qualibact/52ce95333b12510cacad83bd05d3397c467a6b7b/public/api/v2/thresholds.csv,2026-07-13T13:01:09.408008+00:00,False
Oenococcus oeni,qualibact-v1.0,QualiBact Oenococcus oeni qualibact-v1.0,https://raw.githubusercontent.com/cgps-group/qualibact/52ce95333b12510cacad83bd05d3397c467a6b7b/public/api/v2/thresholds.csv,2026-07-13T13:01:09.408008+00:00,True
Ornithobacterium rhinotracheale,qualibact-v1.0,QualiBact Ornithobacterium rhinotracheale qualibact-v1.0,https://raw.githubusercontent.com/cgps-group/qualibact/52ce95333b12510cacad83bd05d3397c467a6b7b/public/api/v2/thresholds.csv,2026-07-13T13:01:09.408008+00:00,True
Paenibacillus larvae,qualibact-v1.0,QualiBact Paenibacillus larvae qualibact-v1.0,https://raw.githubusercontent.com/cgps-group/qualibact/52ce95333b12510cacad83bd05d3397c467a6b7b/public/api/v2/thresholds.csv,2026-07-13T13:01:09.408008+00:00,True
Parabacteroides distasonis,qualibact-v1.0,QualiBact Parabacteroides distasonis qualibact-v1.0,https://raw.githubusercontent.com/cgps-group/qualibact/52ce95333b12510cacad83bd05d3397c467a6b7b/public/api/v2/thresholds.csv,2026-07-13T13:01:09.408008+00:00,True
Parabacteroides goldsteinii,qualibact-v1.0,QualiBact Parabacteroides goldsteinii qualibact-v1.0,https://raw.githubusercontent.com/cgps-group/qualibact/52ce95333b12510cacad83bd05d3397c467a6b7b/public/api/v2/thresholds.csv,2026-07-13T13:01:09.408008+00:00,True
Parabacteroides merdae,qualibact-v1.0,QualiBact Parabacteroides merdae qualibact-v1.0,https://raw.githubusercontent.com/cgps-group/qualibact/52ce95333b12510cacad83bd05d3397c467a6b7b/public/api/v2/thresholds.csv,2026-07-13T13:01:09.408008+00:00,True
Pasteurella multocida,qualibact-v1.0,QualiBact Pasteurella multocida qualibact-v1.0,https://raw.githubusercontent.com/cgps-group/qualibact/52ce95333b12510cacad83bd05d3397c467a6b7b/public/api/v2/thresholds.csv,2026-07-13T13:01:09.408008+00:00,True
Pectobacterium brasiliense,qualibact-v1.0,QualiBact Pectobacterium brasiliense qualibact-v1.0,https://raw.githubusercontent.com/cgps-group/qualibact/52ce95333b12510cacad83bd05d3397c467a6b7b/public/api/v2/thresholds.csv,2026-07-13T13:01:09.408008+00:00,True
Pediococcus acidilactici,qualibact-v1.0,QualiBact Pediococcus acidilactici qualibact-v1.0,https://raw.githubusercontent.com/cgps-group/qualibact/52ce95333b12510cacad83bd05d3397c467a6b7b/public/api/v2/thresholds.csv,2026-07-13T13:01:09.408008+00:00,True
Pediococcus pentosaceus,qualibact-v1.0,QualiBact Pediococcus pentosaceus qualibact-v1.0,https://raw.githubusercontent.com/cgps-group/qualibact/52ce95333b12510cacad83bd05d3397c467a6b7b/public/api/v2/thresholds.csv,2026-07-13T13:01:09.408008+00:00,True
Phocaeicola dorei,qualibact-v1.0,QualiBact Phocaeicola dorei qualibact-v1.0,https://raw.githubusercontent.com/cgps-group/qualibact/52ce95333b12510cacad83bd05d3397c467a6b7b/public/api/v2/thresholds.csv,2026-07-13T13:01:09.408008+00:00,True
Phocaeicola vulgatus,qualibact-v1.0,QualiBact Phocaeicola vulgatus qualibact-v1.0,https://raw.githubusercontent.com/cgps-group/qualibact/52ce95333b12510cacad83bd05d3397c467a6b7b/public/api/v2/thresholds.csv,2026-07-13T13:01:09.408008+00:00,True
Priestia megaterium,qualibact-v1.0,QualiBact Priestia megaterium qualibact-v1.0,https://raw.githubusercontent.com/cgps-group/qualibact/52ce95333b12510cacad83bd05d3397c467a6b7b/public/api/v2/thresholds.csv,2026-07-13T13:01:09.408008+00:00,True
Proteus mirabilis,qualibact-v1.0,QualiBact Proteus mirabilis qualibact-v1.0,https://raw.githubusercontent.com/cgps-group/qualibact/52ce95333b12510cacad83bd05d3397c467a6b7b/public/api/v2/thresholds.csv,2026-07-13T13:01:09.408008+00:00,True
Providencia rettgeri,qualibact-v1.0,QualiBact Providencia rettgeri qualibact-v1.0,https://raw.githubusercontent.com/cgps-group/qualibact/52ce95333b12510cacad83bd05d3397c467a6b7b/public/api/v2/thresholds.csv,2026-07-13T13:01:09.408008+00:00,True
Providencia stuartii,qualibact-v1.0,QualiBact Providencia stuartii qualibact-v1.0,https://raw.githubusercontent.com/cgps-group/qualibact/52ce95333b12510cacad83bd05d3397c467a6b7b/public/api/v2/thresholds.csv,2026-07-13T13:01:09.408008+00:00,True
Pseudoalteromonas nigrifaciens,qualibact-v1.0,QualiBact Pseudoalteromonas nigrifaciens qualibact-v1.0,https://raw.githubusercontent.com/cgps-group/qualibact/52ce95333b12510cacad83bd05d3397c467a6b7b/public/api/v2/thresholds.csv,2026-07-13T13:01:09.408008+00:00,True
Pseudomonas aeruginosa,qualibact-v1.0,QualiBact Pseudomonas aeruginosa qualibact-v1.0,https://raw.githubusercontent.com/cgps-group/qualibact/52ce95333b12510cacad83bd05d3397c467a6b7b/public/api/v2/thresholds.csv,2026-07-13T13:01:09.408008+00:00,True
Pseudomonas alloputida,qualibact-v1.0,QualiBact Pseudomonas alloputida qualibact-v1.0,https://raw.githubusercontent.com/cgps-group/qualibact/52ce95333b12510cacad83bd05d3397c467a6b7b/public/api/v2/thresholds.csv,2026-07-13T13:01:09.408008+00:00,True
Pseudomonas asiatica,qualibact-v1.0,QualiBact Pseudomonas asiatica qualibact-v1.0,https://raw.githubusercontent.com/cgps-group/qualibact/52ce95333b12510cacad83bd05d3397c467a6b7b/public/api/v2/thresholds.csv,2026-07-13T13:01:09.408008+00:00,True
Pseudomonas avellanae,qualibact-v1.0,QualiBact Pseudomonas avellanae qualibact-v1.0,https://raw.githubusercontent.com/cgps-group/qualibact/52ce95333b12510cacad83bd05d3397c467a6b7b/public/api/v2/thresholds.csv,2026-07-13T13:01:09.408008+00:00,True
Pseudomonas fluorescens,qualibact-v1.0,QualiBact Pseudomonas fluorescens qualibact-v1.0,https://raw.githubusercontent.com/cgps-group/qualibact/52ce95333b12510cacad83bd05d3397c467a6b7b/public/api/v2/thresholds.csv,2026-07-13T13:01:09.408008+00:00,True
Pseudomonas fulva,qualibact-v1.0,QualiBact Pseudomonas fulva qualibact-v1.0,https://raw.githubusercontent.com/cgps-group/qualibact/52ce95333b12510cacad83bd05d3397c467a6b7b/public/api/v2/thresholds.csv,2026-07-13T13:01:09.408008+00:00,True
Pseudomonas glycinae,qualibact-v1.0,QualiBact Pseudomonas glycinae qualibact-v1.0,https://raw.githubusercontent.com/cgps-group/qualibact/52ce95333b12510cacad83bd05d3397c467a6b7b/public/api/v2/thresholds.csv,2026-07-13T13:01:09.408008+00:00,True
Pseudomonas juntendi,qualibact-v1.0,QualiBact Pseudomonas juntendi qualibact-v1.0,https://raw.githubusercontent.com/cgps-group/qualibact/52ce95333b12510cacad83bd05d3397c467a6b7b/public/api/v2/thresholds.csv,2026-07-13T13:01:09.408008+00:00,True
Pseudomonas marginalis,qualibact-v1.0,QualiBact Pseudomonas marginalis qualibact-v1.0,https://raw.githubusercontent.com/cgps-group/qualibact/52ce95333b12510cacad83bd05d3397c467a6b7b/public/api/v2/thresholds.csv,2026-07-13T13:01:09.408008+00:00,True
Pseudomonas monteilii,qualibact-v1.0,QualiBact Pseudomonas monteilii qualibact-v1.0,https://raw.githubusercontent.com/cgps-group/qualibact/52ce95333b12510cacad83bd05d3397c467a6b7b/public/api/v2/thresholds.csv,2026-07-13T13:01:09.408008+00:00,True
Pseudomonas paracarnis,qualibact-v1.0,QualiBact Pseudomonas paracarnis qualibact-v1.0,https://raw.githubusercontent.com/cgps-group/qualibact/52ce95333b12510cacad83bd05d3397c467a6b7b/public/api/v2/thresholds.csv,2026-07-13T13:01:09.408008+00:00,True
Pseudomonas protegens,qualibact-v1.0,QualiBact Pseudomonas protegens qualibact-v1.0,https://raw.githubusercontent.com/cgps-group/qualibact/52ce95333b12510cacad83bd05d3397c467a6b7b/public/api/v2/thresholds.csv,2026-07-13T13:01:09.408008+00:00,True
Pseudomonas putida,qualibact-v1.0,QualiBact Pseudomonas putida qualibact-v1.0,https://raw.githubusercontent.com/cgps-group/qualibact/52ce95333b12510cacad83bd05d3397c467a6b7b/public/api/v2/thresholds.csv,2026-07-13T13:01:09.408008+00:00,True
Pseudomonas syringae,qualibact-v1.0,QualiBact Pseudomonas syringae qualibact-v1.0,https://raw.githubusercontent.com/cgps-group/qualibact/52ce95333b12510cacad83bd05d3397c467a6b7b/public/api/v2/thresholds.csv,2026-07-13T13:01:09.408008+00:00,True
Ralstonia pseudosolanacearum,qualibact-v1.0,QualiBact Ralstonia pseudosolanacearum qualibact-v1.0,https://raw.githubusercontent.com/cgps-group/qualibact/52ce95333b12510cacad83bd05d3397c467a6b7b/public/api/v2/thresholds.csv,2026-07-13T13:01:09.408008+00:00,True
Ralstonia solanacearum,qualibact-v1.0,QualiBact Ralstonia solanacearum qualibact-v1.0,https://raw.githubusercontent.com/cgps-group/qualibact/52ce95333b12510cacad83bd05d3397c467a6b7b/public/api/v2/thresholds.csv,2026-07-13T13:01:09.408008+00:00,True
Rhizobium leguminosarum,qualibact-v1.0,QualiBact Rhizobium leguminosarum qualibact-v1.0,https://raw.githubusercontent.com/cgps-group/qualibact/52ce95333b12510cacad83bd05d3397c467a6b7b/public/api/v2/thresholds.csv,2026-07-13T13:01:09.408008+00:00,True
Salmonella arizonae,qualibact-v1.0,QualiBact Salmonella arizonae qualibact-v1.0,https://raw.githubusercontent.com/cgps-group/qualibact/52ce95333b12510cacad83bd05d3397c467a6b7b/public/api/v2/thresholds.csv,2026-07-13T13:01:09.408008+00:00,True
Salmonella bongori,qualibact-v1.0,QualiBact Salmonella bongori qualibact-v1.0,https://raw.githubusercontent.com/cgps-group/qualibact/52ce95333b12510cacad83bd05d3397c467a6b7b/public/api/v2/thresholds.csv,2026-07-13T13:01:09.408008+00:00,True
Salmonella enterica,qualibact-v1.0,QualiBact Salmonella enterica qualibact-v1.0,https://raw.githubusercontent.com/cgps-group/qualibact/52ce95333b12510cacad83bd05d3397c467a6b7b/public/api/v2/thresholds.csv,2026-07-13T13:01:09.408008+00:00,True
Serratia bockelmannii,qualibact-v1.0,QualiBact Serratia bockelmannii qualibact-v1.0,https://raw.githubusercontent.com/cgps-group/qualibact/52ce95333b12510cacad83bd05d3397c467a6b7b/public/api/v2/thresholds.csv,2026-07-13T13:01:09.408008+00:00,True
Serratia marcescens,qualibact-v1.0,QualiBact Serratia marcescens qualibact-v1.0,https://raw.githubusercontent.com/cgps-group/qualibact/52ce95333b12510cacad83bd05d3397c467a6b7b/public/api/v2/thresholds.csv,2026-07-13T13:01:09.408008+00:00,True
Serratia nematodiphila,qualibact-v1.0,QualiBact Serratia nematodiphila qualibact-v1.0,https://raw.githubusercontent.com/cgps-group/qualibact/52ce95333b12510cacad83bd05d3397c467a6b7b/public/api/v2/thresholds.csv,2026-07-13T13:01:09.408008+00:00,True
Serratia nevei,qualibact-v1.0,QualiBact Serratia nevei qualibact-v1.0,https://raw.githubusercontent.com/cgps-group/qualibact/52ce95333b12510cacad83bd05d3397c467a6b7b/public/api/v2/thresholds.csv,2026-07-13T13:01:09.408008+00:00,True
Serratia ureilytica,qualibact-v1.0,QualiBact Serratia ureilytica qualibact-v1.0,https://raw.githubusercontent.com/cgps-group/qualibact/52ce95333b12510cacad83bd05d3397c467a6b7b/public/api/v2/thresholds.csv,2026-07-13T13:01:09.408008+00:00,True
Sinorhizobium medicae,qualibact-v1.0,QualiBact Sinorhizobium medicae qualibact-v1.0,https://raw.githubusercontent.com/cgps-group/qualibact/52ce95333b12510cacad83bd05d3397c467a6b7b/public/api/v2/thresholds.csv,2026-07-13T13:01:09.408008+00:00,True
Sinorhizobium meliloti,qualibact-v1.0,QualiBact Sinorhizobium meliloti qualibact-v1.0,https://raw.githubusercontent.com/cgps-group/qualibact/52ce95333b12510cacad83bd05d3397c467a6b7b/public/api/v2/thresholds.csv,2026-07-13T13:01:09.408008+00:00,True
Staphylococcus argenteus,qualibact-v1.0,QualiBact Staphylococcus argenteus qualibact-v1.0,https://raw.githubusercontent.com/cgps-group/qualibact/52ce95333b12510cacad83bd05d3397c467a6b7b/public/api/v2/thresholds.csv,2026-07-13T13:01:09.408008+00:00,True
Staphylococcus aureus,qualibact-v1.0,QualiBact Staphylococcus aureus qualibact-v1.0,https://raw.githubusercontent.com/cgps-group/qualibact/52ce95333b12510cacad83bd05d3397c467a6b7b/public/api/v2/thresholds.csv,2026-07-13T13:01:09.408008+00:00,True
Staphylococcus capitis,qualibact-v1.0,QualiBact Staphylococcus capitis qualibact-v1.0,https://raw.githubusercontent.com/cgps-group/qualibact/52ce95333b12510cacad83bd05d3397c467a6b7b/public/api/v2/thresholds.csv,2026-07-13T13:01:09.408008+00:00,True
Staphylococcus chromogenes,qualibact-v1.0,QualiBact Staphylococcus chromogenes qualibact-v1.0,https://raw.githubusercontent.com/cgps-group/qualibact/52ce95333b12510cacad83bd05d3397c467a6b7b/public/api/v2/thresholds.csv,2026-07-13T13:01:09.408008+00:00,True
Staphylococcus coagulans,qualibact-v1.0,QualiBact Staphylococcus coagulans qualibact-v1.0,https://raw.githubusercontent.com/cgps-group/qualibact/52ce95333b12510cacad83bd05d3397c467a6b7b/public/api/v2/thresholds.csv,2026-07-13T13:01:09.408008+00:00,True
Staphylococcus epidermidis,qualibact-v1.0,QualiBact Staphylococcus epidermidis qualibact-v1.0,https://raw.githubusercontent.com/cgps-group/qualibact/52ce95333b12510cacad83bd05d3397c467a6b7b/public/api/v2/thresholds.csv,2026-07-13T13:01:09.408008+00:00,True
Staphylococcus equorum,qualibact-v1.0,QualiBact Staphylococcus equorum qualibact-v1.0,https://raw.githubusercontent.com/cgps-group/qualibact/52ce95333b12510cacad83bd05d3397c467a6b7b/public/api/v2/thresholds.csv,2026-07-13T13:01:09.408008+00:00,True
Staphylococcus haemolyticus,qualibact-v1.0,QualiBact Staphylococcus haemolyticus qualibact-v1.0,https://raw.githubusercontent.com/cgps-group/qualibact/52ce95333b12510cacad83bd05d3397c467a6b7b/public/api/v2/thresholds.csv,2026-07-13T13:01:09.408008+00:00,True
Staphylococcus hominis,qualibact-v1.0,QualiBact Staphylococcus hominis qualibact-v1.0,https://raw.githubusercontent.com/cgps-group/qualibact/52ce95333b12510cacad83bd05d3397c467a6b7b/public/api/v2/thresholds.csv,2026-07-13T13:01:09.408008+00:00,True
Staphylococcus lugdunensis,qualibact-v1.0,QualiBact Staphylococcus lugdunensis qualibact-v1.0,https://raw.githubusercontent.com/cgps-group/qualibact/52ce95333b12510cacad83bd05d3397c467a6b7b/public/api/v2/thresholds.csv,2026-07-13T13:01:09.408008+00:00,True
Staphylococcus pseudintermedius,qualibact-v1.0,QualiBact Staphylococcus pseudintermedius qualibact-v1.0,https://raw.githubusercontent.com/cgps-group/qualibact/52ce95333b12510cacad83bd05d3397c467a6b7b/public/api/v2/thresholds.csv,2026-07-13T13:01:09.408008+00:00,True
Staphylococcus saprophyticus,qualibact-v1.0,QualiBact Staphylococcus saprophyticus qualibact-v1.0,https://raw.githubusercontent.com/cgps-group/qualibact/52ce95333b12510cacad83bd05d3397c467a6b7b/public/api/v2/thresholds.csv,2026-07-13T13:01:09.408008+00:00,True
Staphylococcus simulans,qualibact-v1.0,QualiBact Staphylococcus simulans qualibact-v1.0,https://raw.githubusercontent.com/cgps-group/qualibact/52ce95333b12510cacad83bd05d3397c467a6b7b/public/api/v2/thresholds.csv,2026-07-13T13:01:09.408008+00:00,True
Staphylococcus warneri,qualibact-v1.0,QualiBact Staphylococcus warneri qualibact-v1.0,https://raw.githubusercontent.com/cgps-group/qualibact/52ce95333b12510cacad83bd05d3397c467a6b7b/public/api/v2/thresholds.csv,2026-07-13T13:01:09.408008+00:00,True
Staphylococcus xylosus,qualibact-v1.0,QualiBact Staphylococcus xylosus qualibact-v1.0,https://raw.githubusercontent.com/cgps-group/qualibact/52ce95333b12510cacad83bd05d3397c467a6b7b/public/api/v2/thresholds.csv,2026-07-13T13:01:09.408008+00:00,True
Stenotrophomonas geniculata,qualibact-v1.0,QualiBact Stenotrophomonas geniculata qualibact-v1.0,https://raw.githubusercontent.com/cgps-group/qualibact/52ce95333b12510cacad83bd05d3397c467a6b7b/public/api/v2/thresholds.csv,2026-07-13T13:01:09.408008+00:00,True
Stenotrophomonas maltophilia,qualibact-v1.0,QualiBact Stenotrophomonas maltophilia qualibact-v1.0,https://raw.githubusercontent.com/cgps-group/qualibact/52ce95333b12510cacad83bd05d3397c467a6b7b/public/api/v2/thresholds.csv,2026-07-13T13:01:09.408008+00:00,True
Stenotrophomonas pavanii,qualibact-v1.0,QualiBact Stenotrophomonas pavanii qualibact-v1.0,https://raw.githubusercontent.com/cgps-group/qualibact/52ce95333b12510cacad83bd05d3397c467a6b7b/public/api/v2/thresholds.csv,2026-07-13T13:01:09.408008+00:00,True
Stenotrophomonas sepilia,qualibact-v1.0,QualiBact Stenotrophomonas sepilia qualibact-v1.0,https://raw.githubusercontent.com/cgps-group/qualibact/52ce95333b12510cacad83bd05d3397c467a6b7b/public/api/v2/thresholds.csv,2026-07-13T13:01:09.408008+00:00,True
Streptococcus agalactiae,qualibact-v1.0,QualiBact Streptococcus agalactiae qualibact-v1.0,https://raw.githubusercontent.com/cgps-group/qualibact/52ce95333b12510cacad83bd05d3397c467a6b7b/public/api/v2/thresholds.csv,2026-07-13T13:01:09.408008+00:00,True
Streptococcus anginosus,qualibact-v1.0,QualiBact Streptococcus anginosus qualibact-v1.0,https://raw.githubusercontent.com/cgps-group/qualibact/52ce95333b12510cacad83bd05d3397c467a6b7b/public/api/v2/thresholds.csv,2026-07-13T13:01:09.408008+00:00,True
Streptococcus canis,qualibact-v1.0,QualiBact Streptococcus canis qualibact-v1.0,https://raw.githubusercontent.com/cgps-group/qualibact/52ce95333b12510cacad83bd05d3397c467a6b7b/public/api/v2/thresholds.csv,2026-07-13T13:01:09.408008+00:00,True
Streptococcus dysgalactiae,qualibact-v1.0,QualiBact Streptococcus dysgalactiae qualibact-v1.0,https://raw.githubusercontent.com/cgps-group/qualibact/52ce95333b12510cacad83bd05d3397c467a6b7b/public/api/v2/thresholds.csv,2026-07-13T13:01:09.408008+00:00,True
Streptococcus equi,qualibact-v1.0,QualiBact Streptococcus equi qualibact-v1.0,https://raw.githubusercontent.com/cgps-group/qualibact/52ce95333b12510cacad83bd05d3397c467a6b7b/public/api/v2/thresholds.csv,2026-07-13T13:01:09.408008+00:00,True
Streptococcus gordonii,qualibact-v1.0,QualiBact Streptococcus gordonii qualibact-v1.0,https://raw.githubusercontent.com/cgps-group/qualibact/52ce95333b12510cacad83bd05d3397c467a6b7b/public/api/v2/thresholds.csv,2026-07-13T13:01:09.408008+00:00,True
Streptococcus mitis,qualibact-v1.0,QualiBact Streptococcus mitis qualibact-v1.0,https://raw.githubusercontent.com/cgps-group/qualibact/52ce95333b12510cacad83bd05d3397c467a6b7b/public/api/v2/thresholds.csv,2026-07-13T13:01:09.408008+00:00,True
Streptococcus mutans,qualibact-v1.0,QualiBact Streptococcus mutans qualibact-v1.0,https://raw.githubusercontent.com/cgps-group/qualibact/52ce95333b12510cacad83bd05d3397c467a6b7b/public/api/v2/thresholds.csv,2026-07-13T13:01:09.408008+00:00,True
Streptococcus oralis,qualibact-v1.0,QualiBact Streptococcus oralis qualibact-v1.0,https://raw.githubusercontent.com/cgps-group/qualibact/52ce95333b12510cacad83bd05d3397c467a6b7b/public/api/v2/thresholds.csv,2026-07-13T13:01:09.408008+00:00,True
Streptococcus parasanguinis,qualibact-v1.0,QualiBact Streptococcus parasanguinis qualibact-v1.0,https://raw.githubusercontent.com/cgps-group/qualibact/52ce95333b12510cacad83bd05d3397c467a6b7b/public/api/v2/thresholds.csv,2026-07-13T13:01:09.408008+00:00,True
Streptococcus pneumoniae,qualibact-v1.0,QualiBact Streptococcus pneumoniae qualibact-v1.0,https://raw.githubusercontent.com/cgps-group/qualibact/52ce95333b12510cacad83bd05d3397c467a6b7b/public/api/v2/thresholds.csv,2026-07-13T13:01:09.408008+00:00,True
Streptococcus pseudopneumoniae,qualibact-v1.0,QualiBact Streptococcus pseudopneumoniae qualibact-v1.0,https://raw.githubusercontent.com/cgps-group/qualibact/52ce95333b12510cacad83bd05d3397c467a6b7b/public/api/v2/thresholds.csv,2026-07-13T13:01:09.408008+00:00,True
Streptococcus pyogenes,qualibact-v1.0,QualiBact Streptococcus pyogenes qualibact-v1.0,https://raw.githubusercontent.com/cgps-group/qualibact/52ce95333b12510cacad83bd05d3397c467a6b7b/public/api/v2/thresholds.csv,2026-07-13T13:01:09.408008+00:00,True
Streptococcus salivarius,qualibact-v1.0,QualiBact Streptococcus salivarius qualibact-v1.0,https://raw.githubusercontent.com/cgps-group/qualibact/52ce95333b12510cacad83bd05d3397c467a6b7b/public/api/v2/thresholds.csv,2026-07-13T13:01:09.408008+00:00,True
Streptococcus suis,qualibact-v1.0,QualiBact Streptococcus suis qualibact-v1.0,https://raw.githubusercontent.com/cgps-group/qualibact/52ce95333b12510cacad83bd05d3397c467a6b7b/public/api/v2/thresholds.csv,2026-07-13T13:01:09.408008+00:00,True
Streptococcus uberis,qualibact-v1.0,QualiBact Streptococcus uberis qualibact-v1.0,https://raw.githubusercontent.com/cgps-group/qualibact/52ce95333b12510cacad83bd05d3397c467a6b7b/public/api/v2/thresholds.csv,2026-07-13T13:01:09.408008+00:00,True
Streptomyces albidoflavus,qualibact-v1.0,QualiBact Streptomyces albidoflavus qualibact-v1.0,https://raw.githubusercontent.com/cgps-group/qualibact/52ce95333b12510cacad83bd05d3397c467a6b7b/public/api/v2/thresholds.csv,2026-07-13T13:01:09.408008+00:00,True
Streptomyces anthocyanicus,qualibact-v1.0,QualiBact Streptomyces anthocyanicus qualibact-v1.0,https://raw.githubusercontent.com/cgps-group/qualibact/52ce95333b12510cacad83bd05d3397c467a6b7b/public/api/v2/thresholds.csv,2026-07-13T13:01:09.408008+00:00,True
Stutzerimonas stutzeri,qualibact-v1.0,QualiBact Stutzerimonas stutzeri qualibact-v1.0,https://raw.githubusercontent.com/cgps-group/qualibact/52ce95333b12510cacad83bd05d3397c467a6b7b/public/api/v2/thresholds.csv,2026-07-13T13:01:09.408008+00:00,True
Taylorella equigenitalis,qualibact-v1.0,QualiBact Taylorella equigenitalis qualibact-v1.0,https://raw.githubusercontent.com/cgps-group/qualibact/52ce95333b12510cacad83bd05d3397c467a6b7b/public/api/v2/thresholds.csv,2026-07-13T13:01:09.408008+00:00,True
Treponema pallidum,qualibact-v1.0,QualiBact Treponema pallidum qualibact-v1.0,https://raw.githubusercontent.com/cgps-group/qualibact/52ce95333b12510cacad83bd05d3397c467a6b7b/public/api/v2/thresholds.csv,2026-07-13T13:01:09.408008+00:00,True
Turicibacter sanguinis,qualibact-v1.0,QualiBact Turicibacter sanguinis qualibact-v1.0,https://raw.githubusercontent.com/cgps-group/qualibact/52ce95333b12510cacad83bd05d3397c467a6b7b/public/api/v2/thresholds.csv,2026-07-13T13:01:09.408008+00:00,True
Vibrio alginolyticus,qualibact-v1.0,QualiBact Vibrio alginolyticus qualibact-v1.0,https://raw.githubusercontent.com/cgps-group/qualibact/52ce95333b12510cacad83bd05d3397c467a6b7b/public/api/v2/thresholds.csv,2026-07-13T13:01:09.408008+00:00,True
Vibrio anguillarum,qualibact-v1.0,QualiBact Vibrio anguillarum qualibact-v1.0,https://raw.githubusercontent.com/cgps-group/qualibact/52ce95333b12510cacad83bd05d3397c467a6b7b/public/api/v2/thresholds.csv,2026-07-13T13:01:09.408008+00:00,True
Vibrio cholerae,qualibact-v1.0,QualiBact Vibrio cholerae qualibact-v1.0,https://raw.githubusercontent.com/cgps-group/qualibact/52ce95333b12510cacad83bd05d3397c467a6b7b/public/api/v2/thresholds.csv,2026-07-13T13:01:09.408008+00:00,True
Vibrio diabolicus,qualibact-v1.0,QualiBact Vibrio diabolicus qualibact-v1.0,https://raw.githubusercontent.com/cgps-group/qualibact/52ce95333b12510cacad83bd05d3397c467a6b7b/public/api/v2/thresholds.csv,2026-07-13T13:01:09.408008+00:00,True
Vibrio fluvialis,qualibact-v1.0,QualiBact Vibrio fluvialis qualibact-v1.0,https://raw.githubusercontent.com/cgps-group/qualibact/52ce95333b12510cacad83bd05d3397c467a6b7b/public/api/v2/thresholds.csv,2026-07-13T13:01:09.408008+00:00,True
Vibrio mediterranei,qualibact-v1.0,QualiBact Vibrio mediterranei qualibact-v1.0,https://raw.githubusercontent.com/cgps-group/qualibact/52ce95333b12510cacad83bd05d3397c467a6b7b/public/api/v2/thresholds.csv,2026-07-13T13:01:09.408008+00:00,True
Vibrio metschnikovii,qualibact-v1.0,QualiBact Vibrio metschnikovii qualibact-v1.0,https://raw.githubusercontent.com/cgps-group/qualibact/52ce95333b12510cacad83bd05d3397c467a6b7b/public/api/v2/thresholds.csv,2026-07-13T13:01:09.408008+00:00,True
Vibrio parahaemolyticus,qualibact-v1.0,QualiBact Vibrio parahaemolyticus qualibact-v1.0,https://raw.githubusercontent.com/cgps-group/qualibact/52ce95333b12510cacad83bd05d3397c467a6b7b/public/api/v2/thresholds.csv,2026-07-13T13:01:09.408008+00:00,True
Vibrio vulnificus,qualibact-v1.0,QualiBact Vibrio vulnificus qualibact-v1.0,https://raw.githubusercontent.com/cgps-group/qualibact/52ce95333b12510cacad83bd05d3397c467a6b7b/public/api/v2/thresholds.csv,2026-07-13T13:01:09.408008+00:00,True
Wolbachia pipientis,qualibact-v1.0,QualiBact Wolbachia pipientis qualibact-v1.0,https://raw.githubusercontent.com/cgps-group/qualibact/52ce95333b12510cacad83bd05d3397c467a6b7b/public/api/v2/thresholds.csv,2026-07-13T13:01:09.408008+00:00,True
Xanthomonas arboricola,qualibact-v1.0,QualiBact Xanthomonas arboricola qualibact-v1.0,https://raw.githubusercontent.com/cgps-group/qualibact/52ce95333b12510cacad83bd05d3397c467a6b7b/public/api/v2/thresholds.csv,2026-07-13T13:01:09.408008+00:00,True
Xanthomonas campestris,qualibact-v1.0,QualiBact Xanthomonas campestris qualibact-v1.0,https://raw.githubusercontent.com/cgps-group/qualibact/52ce95333b12510cacad83bd05d3397c467a6b7b/public/api/v2/thresholds.csv,2026-07-13T13:01:09.408008+00:00,True
Xanthomonas cissicola,qualibact-v1.0,QualiBact Xanthomonas cissicola qualibact-v1.0,https://raw.githubusercontent.com/cgps-group/qualibact/52ce95333b12510cacad83bd05d3397c467a6b7b/public/api/v2/thresholds.csv,2026-07-13T13:01:09.408008+00:00,True
Xanthomonas euvesicatoria,qualibact-v1.0,QualiBact Xanthomonas euvesicatoria qualibact-v1.0,https://raw.githubusercontent.com/cgps-group/qualibact/52ce95333b12510cacad83bd05d3397c467a6b7b/public/api/v2/thresholds.csv,2026-07-13T13:01:09.408008+00:00,True
Xanthomonas hortorum,qualibact-v1.0,QualiBact Xanthomonas hortorum qualibact-v1.0,https://raw.githubusercontent.com/cgps-group/qualibact/52ce95333b12510cacad83bd05d3397c467a6b7b/public/api/v2/thresholds.csv,2026-07-13T13:01:09.408008+00:00,True
Xanthomonas oryzae,qualibact-v1.0,QualiBact Xanthomonas oryzae qualibact-v1.0,https://raw.githubusercontent.com/cgps-group/qualibact/52ce95333b12510cacad83bd05d3397c467a6b7b/public/api/v2/thresholds.csv,2026-07-13T13:01:09.408008+00:00,True
Xylella fastidiosa,qualibact-v1.0,QualiBact Xylella fastidiosa qualibact-v1.0,https://raw.githubusercontent.com/cgps-group/qualibact/52ce95333b12510cacad83bd05d3397c467a6b7b/public/api/v2/thresholds.csv,2026-07-13T13:01:09.408008+00:00,True
Yersinia enterocolitica,qualibact-v1.0,QualiBact Yersinia enterocolitica qualibact-v1.0,https://raw.githubusercontent.com/cgps-group/qualibact/52ce95333b12510cacad83bd05d3397c467a6b7b/public/api/v2/thresholds.csv,2026-07-13T13:01:09.408008+00:00,True
Yersinia intermedia,qualibact-v1.0,QualiBact Yersinia intermedia qualibact-v1.0,https://raw.githubusercontent.com/cgps-group/qualibact/52ce95333b12510cacad83bd05d3397c467a6b7b/public/api/v2/thresholds.csv,2026-07-13T13:01:09.408008+00:00,True
Yersinia pestis,qualibact-v1.0,QualiBact Yersinia pestis qualibact-v1.0,https://raw.githubusercontent.com/cgps-group/qualibact/52ce95333b12510cacad83bd05d3397c467a6b7b/public/api/v2/thresholds.csv,2026-07-13T13:01:09.408008+00:00,True
Yersinia ruckeri,qualibact-v1.0,QualiBact Yersinia ruckeri qualibact-v1.0,https://raw.githubusercontent.com/cgps-group/qualibact/52ce95333b12510cacad83bd05d3397c467a6b7b/public/api/v2/thresholds.csv,2026-07-13T13:01:09.408008+00:00,True
